,ACC_OWNERSHIP,USG_P2P_COUNT,USG_TELEBIRR_USERS,USG_MPESA_USERS,USG_MPESA_ACTIVE,ACC_MM_ACCOUNT,ACC_OWNERSHIP_base,USG_P2P_COUNT_base,ACC_OWNERSHIP_optimistic,USG_P2P_COUNT_optimistic,ACC_OWNERSHIP_pessimistic,USG_P2P_COUNT_pessimistic,ACC_OWNERSHIP_lower,ACC_OWNERSHIP_upper,USG_P2P_COUNT_lower,USG_P2P_COUNT_upper,USG_TELEBIRR_USERS_lower,USG_TELEBIRR_USERS_upper,USG_MPESA_USERS_lower,USG_MPESA_USERS_upper,USG_MPESA_ACTIVE_lower,USG_MPESA_ACTIVE_upper,ACC_MM_ACCOUNT_lower,ACC_MM_ACCOUNT_upper
2025,76.57603686635866,128300025.0,,,7100000.0,16.033333333333303,76.57603686635866,128300025.0,80.4048387096766,141130027.5,72.74723502304073,115470022.5,50.5662340788716,72.58583965384572,128300000.0,128300000.0,54840000.0,54840000.0,10800000.0,10800000.0,7100000.0,7100000.0,11.033333333333303,11.033333333333303
2026,90.15437788018335,206900050.0,,,7100015.0,17.616666666666333,90.15437788018335,206900050.0,94.66209677419252,227590055.00000003,85.64665898617417,186210045.0,54.144575092696286,76.16418066767041,206900000.0,206900000.0,54840000.0,54840000.0,10800000.0,10800000.0,7100000.0,7100000.0,12.616666666666333,12.616666666666333
2027,93.73271889400803,285500050.0,,,7100015.0,19.199999999999818,93.73271889400803,285500050.0,98.41935483870843,314050055.0,89.04608294930763,256950045.0,57.72291610652097,79.74252168149509,285500000.0,285500000.0,54840000.0,54840000.0,10800000.0,10800000.0,7100000.0,7100000.0,14.199999999999818,14.199999999999818
